{"loss": [60841.4765625, 3532.390869140625, 476.7096252441406, 352.64288330078125, 225.1099853515625, 273.5946350097656, 178.20248413085938, 159.08001708984375, 22.424089431762695, 9.45747184753418, 14.585211753845215, 9.507554054260254, 22.15048599243164, 7.315933704376221, 8.68288803100586, 8.42805004119873, 17.848793029785156, 9.759208679199219, 7.474010467529297, 7.303452014923096, 8.75622844696045, 10.171667098999023, 24.477285385131836, 17.895687103271484, 9.400179862976074, 8.571948051452637, 11.652769088745117, 3032.341064453125, 15.787715911865234, 94.04304504394531, 7.2922682762146, 8.258308410644531, 15.078100204467773, 84.10803985595703, 9.97053337097168, 7.884005069732666, 42.44072723388672, 7.288614273071289, 7.344762802124023, 7.287806510925293, 7.287440776824951, 7.287154197692871, 7.286849021911621, 7.300440788269043, 7.286301136016846, 7.286013603210449, 7.285819053649902, 7.285571098327637, 5109.6767578125, 19.75628662109375], "accuracy": [0.0, 0.0018745313864201307, 0.0007498125196434557, 0.0018745313864201307, 0.0018745313864201307, 0.0018745313864201307, 0.0018745313864201307, 0.0018745313864201307, 0.0018745313864201307, 0.0018745313864201307, 0.0018745313864201307, 0.0018745313864201307, 0.0018745313864201307, 0.0018745313864201307, 0.0018745313864201307, 0.0018745313864201307, 0.0018745313864201307, 0.0018745313864201307, 0.0018745313864201307, 0.0018745313864201307, 0.0018745313864201307, 0.0018745313864201307, 0.0018745313864201307, 0.0018745313864201307, 0.0018745313864201307, 0.0018745313864201307, 0.0018745313864201307, 0.0018745313864201307, 0.0018745313864201307, 0.0018745313864201307, 0.0018745313864201307, 0.0018745313864201307, 0.0018745313864201307, 0.0018745313864201307, 0.0018745313864201307, 0.0018745313864201307, 0.0018745313864201307, 0.0018745313864201307, 0.0018745313864201307, 0.0018745313864201307, 0.0018745313864201307, 0.0018745313864201307, 0.0018745313864201307, 0.0018745313864201307, 0.0018745313864201307, 0.0018745313864201307, 0.0018745313864201307, 0.0018745313864201307, 0.0018745313864201307, 0.0018745313864201307], "lr": [